SP500_Price,Interest_Rate
2058.199951171875,0.11
2020.5799560546875,0.11
2002.6099853515625,0.11
2025.9000244140625,0.11
2062.139892578125,0.11
2044.81005859375,0.11
2028.260009765625,0.11
2023.030029296875,0.11
2011.27001953125,0.11
1992.6700439453125,0.11
2019.4200439453125,0.11
2022.550048828125,0.11
2032.1199951171875,0.11
2063.14990234375,0.11
2051.820068359375,0.11
2057.090087890625,0.11
2029.550048828125,0.11
2002.1600341796875,0.11
2021.25,0.11
1994.989990234375,0.11
2020.8499755859375,0.11
2050.030029296875,0.11
2041.510009765625,0.11
2062.52001953125,0.11
2055.469970703125,0.11
2046.739990234375,0.11
2068.590087890625,0.11
2068.530029296875,0.11
2088.47998046875,0.11
2096.989990234375,0.11
2100.340087890625,0.11
2099.679931640625,0.11
2097.449951171875,0.11
2110.300048828125,0.11
2109.659912109375,0.11
2115.47998046875,0.11
2113.860107421875,0.11
2110.739990234375,0.11
2104.5,0.11
2117.389892578125,0.11
2107.780029296875,0.11
2098.530029296875,0.11
2101.0400390625,0.11
2071.260009765625,0.11
2079.429931640625,0.11
2044.1600341796875,0.11
2040.239990234375,0.11
2065.949951171875,0.11
2053.39990234375,0.11
2081.18994140625,0.11
2074.280029296875,0.11
2099.5,0.11
2089.27001953125,0.11
2108.10009765625,0.11
2104.419921875,0.11
2091.5,0.11
2061.050048828125,0.11
2056.14990234375,0.11
2061.02001953125,0.11
2086.239990234375,0.11
2067.889892578125,0.11
2059.68994140625,0.12
2066.9599609375,0.12
2080.6201171875,0.12
2076.330078125,0.12
2081.89990234375,0.12
2091.179931640625,0.12
2102.06005859375,0.12
2092.429931640625,0.12
2095.840087890625,0.12
2106.6298828125,0.12
2104.989990234375,0.12
2081.179931640625,0.12
2100.39990234375,0.12
2097.2900390625,0.12
2107.9599609375,0.12
2112.929931640625,0.12
2117.68994140625,0.12
2108.919921875,0.12
2114.760009765625,0.12
2106.85009765625,0.12
2085.510009765625,0.12
2108.2900390625,0.12
2114.489990234375,0.12
2089.4599609375,0.12
2080.14990234375,0.12
2088.0,0.12
2116.10009765625,0.12
2105.330078125,0.12
2099.1201171875,0.12
2098.47998046875,0.12
2121.10009765625,0.12
2122.72998046875,0.12
2129.199951171875,0.12
2127.830078125,0.12
2125.85009765625,0.12
2130.820068359375,0.12
2126.06005859375,0.12
2104.199951171875,0.12
2123.47998046875,0.12
2120.7900390625,0.12
2107.389892578125,0.12
2111.72998046875,0.13
2109.60009765625,0.13
2114.070068359375,0.13
2095.840087890625,0.13
2092.830078125,0.13
2079.280029296875,0.13
2080.14990234375,0.13
2105.199951171875,0.13
2108.860107421875,0.13
2094.110107421875,0.13
2084.429931640625,0.13
2096.2900390625,0.13
2100.43994140625,0.13
2121.239990234375,0.13
2109.989990234375,0.13
2122.85009765625,0.13
2124.199951171875,0.13
2108.580078125,0.13
2102.31005859375,0.13
2101.489990234375,0.13
2057.639892578125,0.13
2063.110107421875,0.13
2077.419921875,0.13
2076.780029296875,0.13
2068.760009765625,0.13
2081.340087890625,0.13
2046.6800537109375,0.13
2051.31005859375,0.13
2076.6201171875,0.13
2099.60009765625,0.13
2108.949951171875,0.13
2107.39990234375,0.13
2124.2900390625,0.13
2126.639892578125,0.13
2128.280029296875,0.13
2119.2099609375,0.13
2114.14990234375,0.13
2102.14990234375,0.13
2079.64990234375,0.13
2067.639892578125,0.13
2093.25,0.13
2108.570068359375,0.13
2108.6298828125,0.13
2103.840087890625,0.13
2098.0400390625,0.14
2093.320068359375,0.14
2099.840087890625,0.14
2083.56005859375,0.14
2077.570068359375,0.14
2104.179931640625,0.14
2084.070068359375,0.14
2086.050048828125,0.14
2083.389892578125,0.14
2091.5400390625,0.14
2102.43994140625,0.14
2096.919921875,0.14
2079.610107421875,0.14
2035.72998046875,0.14
1970.8900146484375,0.14
1893.2099609375,0.14
1867.6099853515625,0.14
1940.510009765625,0.14
1987.6600341796875,0.14
1988.8699951171875,0.14
1972.1800537109375,0.14
1913.8499755859375,0.14
1948.8599853515625,0.14
1951.1300048828125,0.14
1921.219970703125,0.14
1969.4100341796875,0.14
1942.0400390625,0.14
1952.2900390625,0.14
1961.050048828125,0.14
1953.030029296875,0.14
1978.0899658203125,0.14
1995.31005859375,0.14
1990.199951171875,0.14
1958.030029296875,0.14
1966.969970703125,0.14
1942.739990234375,0.14
1938.760009765625,0.14
1932.239990234375,0.14
1931.3399658203125,0.14
1881.77001953125,0.14
1884.0899658203125,0.14
1920.030029296875,0.14
1923.8199462890625,0.12
1951.3599853515625,0.12
1987.050048828125,0.12
1979.9200439453125,0.12
1995.8299560546875,0.12
2013.4300537109375,0.12
2014.8900146484375,0.12
2017.4599609375,0.12
2003.68994140625,0.12
1994.239990234375,0.12
2023.8599853515625,0.12
2033.1099853515625,0.12
2033.6600341796875,0.12
2030.77001953125,0.12
2018.93994140625,0.12
2052.510009765625,0.12
2075.14990234375,0.12
2071.179931640625,0.12
2065.889892578125,0.12
2090.35009765625,0.12
2089.409912109375,0.12
2079.360107421875,0.12
2104.050048828125,0.12
2109.7900390625,0.12
2102.31005859375,0.12
2099.929931640625,0.12
2099.199951171875,0.12
2078.580078125,0.12
2081.719970703125,0.12
2075.0,0.12
2045.969970703125,0.12
2023.0400390625,0.12
2053.18994140625,0.12
2050.43994140625,0.12
2083.580078125,0.12
2081.239990234375,0.12
2089.169921875,0.12
2086.590087890625,0.12
2089.139892578125,0.12
2088.8701171875,0.12
2090.110107421875,0.12
2080.409912109375,0.12
2102.6298828125,0.24
2079.510009765625,0.24
2049.6201171875,0.24
2091.68994140625,0.24
2077.070068359375,0.24
2063.590087890625,0.24
2047.6199951171875,0.24
2052.22998046875,0.24
2012.3699951171875,0.24
2021.93994140625,0.24
2043.4100341796875,0.24
2073.070068359375,0.24
2041.8900146484375,0.24
2005.550048828125,0.24
2021.1500244140625,0.24
2038.969970703125,0.24
2064.2900390625,0.24
2060.989990234375,0.24
2056.5,0.24
2078.360107421875,0.24
2063.360107421875,0.24
2043.93994140625,0.24
2012.6600341796875,0.34
2016.7099609375,0.34
1990.260009765625,0.34
1943.0899658203125,0.34
1922.030029296875,0.34
1923.6700439453125,0.34
1938.6800537109375,0.34
1890.280029296875,0.34
1921.8399658203125,0.34
1880.3299560546875,0.34
1881.3299560546875,0.34
1859.3299560546875,0.34
1868.989990234375,0.34
1906.9000244140625,0.34
1877.0799560546875,0.34
1903.6300048828125,0.34
1882.949951171875,0.34
1893.3599853515625,0.34
1940.239990234375,0.34
1939.3800048828125,0.38
1903.030029296875,0.38
1912.530029296875,0.38
1915.449951171875,0.38
1880.050048828125,0.38
1853.43994140625,0.38
1852.2099609375,0.38
1851.8599853515625,0.38
1829.0799560546875,0.38
1864.780029296875,0.38
1895.5799560546875,0.38
1926.8199462890625,0.38
1917.8299560546875,0.38
1917.780029296875,0.38
1945.5,0.38
1921.27001953125,0.38
1929.800048828125,0.38
1951.699951171875,0.38
1948.050048828125,0.38
1932.22998046875,0.38
1978.3499755859375,0.36
1986.449951171875,0.36
1993.4000244140625,0.36
1999.989990234375,0.36
2001.760009765625,0.36
1979.260009765625,0.36
1989.260009765625,0.36
1989.5699462890625,0.36
2022.18994140625,0.36
2019.6400146484375,0.36
2015.9300537109375,0.36
2027.219970703125,0.36
2040.5899658203125,0.36
2049.580078125,0.36
2051.60009765625,0.36
2049.800048828125,0.36
2036.7099609375,0.36
2035.93994140625,0.36
2037.050048828125,0.36
2055.010009765625,0.36
2063.949951171875,0.36
2059.739990234375,0.36
2072.780029296875,0.37
2066.1298828125,0.37
2045.1700439453125,0.37
2066.659912109375,0.37
2041.9100341796875,0.37
2047.5999755859375,0.37
2041.989990234375,0.37
2061.719970703125,0.37
2082.419921875,0.37
2082.780029296875,0.37
2080.72998046875,0.37
2094.340087890625,0.37
2100.800048828125,0.37
2102.39990234375,0.37
2091.47998046875,0.37
2091.580078125,0.37
2087.7900390625,0.37
2091.699951171875,0.37
2095.14990234375,0.37
2075.81005859375,0.37
2065.300048828125,0.37
2081.429931640625,0.37
2063.3701171875,0.37
2051.1201171875,0.37
2050.6298828125,0.37
2057.139892578125,0.37
2058.68994140625,0.37
2084.389892578125,0.37
2064.4599609375,0.37
2064.110107421875,0.37
2046.6099853515625,0.37
2066.659912109375,0.37
2047.2099609375,0.37
2047.6300048828125,0.37
2040.0400390625,0.37
2052.320068359375,0.37
2048.0400390625,0.37
2076.06005859375,0.37
2090.5400390625,0.37
2090.10009765625,0.37
2099.06005859375,0.37
2096.949951171875,0.37
2099.330078125,0.38
2105.260009765625,0.38
2099.1298828125,0.38
2109.409912109375,0.38
2112.1298828125,0.38
2119.1201171875,0.38
2115.47998046875,0.38
2096.070068359375,0.38
2079.06005859375,0.38
2075.320068359375,0.38
2071.5,0.38
2077.989990234375,0.38
2071.219970703125,0.38
2083.25,0.38
2088.89990234375,0.38
2085.449951171875,0.38
2113.320068359375,0.38
2037.4100341796875,0.38
2000.5400390625,0.38
2036.0899658203125,0.38
2070.77001953125,0.38
2098.860107421875,0.38
2102.949951171875,0.39
2088.550048828125,0.39
2099.72998046875,0.39
2097.89990234375,0.39
2129.89990234375,0.39
2137.159912109375,0.39
2152.139892578125,0.39
2152.429931640625,0.39
2163.75,0.39
2161.739990234375,0.39
2166.889892578125,0.39
2163.780029296875,0.39
2173.02001953125,0.39
2165.169921875,0.39
2175.030029296875,0.39
2168.47998046875,0.39
2169.179931640625,0.39
2166.580078125,0.39
2170.06005859375,0.39
2173.60009765625,0.39
2170.840087890625,0.4
2157.030029296875,0.4
2163.7900390625,0.4
2164.25,0.4
2182.8701171875,0.4
2180.889892578125,0.4
2181.739990234375,0.4
2175.489990234375,0.4
2185.7900390625,0.4
2184.050048828125,0.4
2190.14990234375,0.4
2178.14990234375,0.4
2182.219970703125,0.4
2187.02001953125,0.4
2183.8701171875,0.4
2182.639892578125,0.4
2186.89990234375,0.4
2175.43994140625,0.4
2172.469970703125,0.4
2169.0400390625,0.4
2180.3798828125,0.4
2176.1201171875,0.4
2170.949951171875,0.4
2170.860107421875,0.4
2179.97998046875,0.4
2186.47998046875,0.4
2186.159912109375,0.4
2181.300048828125,0.4
2127.81005859375,0.4
2159.0400390625,0.4
2127.02001953125,0.4
2125.77001953125,0.4
2147.260009765625,0.4
2139.159912109375,0.4
2139.1201171875,0.4
2139.760009765625,0.4
2163.1201171875,0.4
2177.179931640625,0.4
2164.68994140625,0.4
2146.10009765625,0.4
2159.929931640625,0.4
2171.3701171875,0.4
2151.1298828125,0.4
2168.27001953125,0.4
2161.199951171875,0.4
2150.489990234375,0.4
2159.72998046875,0.4
2160.77001953125,0.4
2153.739990234375,0.4
2163.659912109375,0.4
2136.72998046875,0.4
2139.179931640625,0.4
2132.550048828125,0.4
2132.97998046875,0.4
2126.5,0.4
2139.60009765625,0.4
2144.2900390625,0.4
2141.340087890625,0.4
2141.159912109375,0.4
2151.330078125,0.4
2143.159912109375,0.4
2139.429931640625,0.4
2133.0400390625,0.4
2126.409912109375,0.4
2126.14990234375,0.4
2111.719970703125,0.41
2097.93994140625,0.41
2088.659912109375,0.41
2085.179931640625,0.41
2131.52001953125,0.41
2139.56005859375,0.41
2163.260009765625,0.41
2167.47998046875,0.41
2164.449951171875,0.41
2164.199951171875,0.41
2180.389892578125,0.41
2176.93994140625,0.41
2187.1201171875,0.41
2181.89990234375,0.41
2198.179931640625,0.41
2202.93994140625,0.41
2204.719970703125,0.41
2213.35009765625,0.41
2201.719970703125,0.41
2204.659912109375,0.41
2198.81005859375,0.41
2191.080078125,0.54
2191.949951171875,0.54
2204.7099609375,0.54
2212.22998046875,0.54
2241.35009765625,0.54
2246.18994140625,0.54
2259.530029296875,0.54
2256.9599609375,0.54
2271.719970703125,0.54
2253.280029296875,0.54
2262.030029296875,0.54
2258.070068359375,0.54
2262.530029296875,0.54
2270.760009765625,0.54
2265.179931640625,0.54
2260.9599609375,0.54
2263.7900390625,0.54
2268.8798828125,0.54
2249.919921875,0.54
2249.260009765625,0.54
2238.830078125,0.54
2257.830078125,0.65
2270.75,0.65
2269.0,0.65
2276.97998046875,0.65
2268.89990234375,0.65
2268.89990234375,0.65
2275.320068359375,0.65
2270.43994140625,0.65
2274.639892578125,0.65
2267.889892578125,0.65
2271.889892578125,0.65
2263.68994140625,0.65
2271.31005859375,0.65
2265.199951171875,0.65
2280.070068359375,0.65
2298.3701171875,0.65
2296.679931640625,0.65
2294.68994140625,0.65
2280.89990234375,0.65
2278.8701171875,0.65
2279.550048828125,0.66
2280.85009765625,0.66
2297.419921875,0.66
2292.56005859375,0.66
2293.080078125,0.66
2294.669921875,0.66
2307.8701171875,0.66
2316.10009765625,0.66
2328.25,0.66
2337.580078125,0.66
2349.25,0.66
2347.219970703125,0.66
2351.159912109375,0.66
2365.3798828125,0.66
2362.820068359375,0.66
2363.81005859375,0.66
2367.340087890625,0.66
2369.75,0.66
2363.639892578125,0.66
2395.9599609375,0.79
2381.919921875,0.79
2383.1201171875,0.79
2375.31005859375,0.79
2368.389892578125,0.79
2362.97998046875,0.79
2364.8701171875,0.79
2372.60009765625,0.79
2373.469970703125,0.79
2365.449951171875,0.79
2385.260009765625,0.79
2381.3798828125,0.79
2378.25,0.79
2373.469970703125,0.79
2344.02001953125,0.79
2348.449951171875,0.79
2345.9599609375,0.79
2343.97998046875,0.79
2341.590087890625,0.79
2358.570068359375,0.79
2361.1298828125,0.79
2368.06005859375,0.79
2362.719970703125,0.79
2358.840087890625,0.9
2360.159912109375,0.9
2352.949951171875,0.9
2357.489990234375,0.9
2355.5400390625,0.9
2357.159912109375,0.9
2353.780029296875,0.9
2344.929931640625,0.9
2328.949951171875,0.9
2349.010009765625,0.9
2342.18994140625,0.9
2338.169921875,0.9
2355.840087890625,0.9
2348.68994140625,0.9
2374.14990234375,0.9
2388.610107421875,0.9
2387.449951171875,0.9
2388.77001953125,0.9
2384.199951171875,0.9
2388.330078125,0.91
2391.169921875,0.91
2388.1298828125,0.91
2389.52001953125,0.91
2399.2900390625,0.91
2399.3798828125,0.91
2396.919921875,0.91
2399.6298828125,0.91
2394.43994140625,0.91
2390.89990234375,0.91
2402.320068359375,0.91
2400.669921875,0.91
2357.030029296875,0.91
2365.719970703125,0.91
2381.72998046875,0.91
2394.02001953125,0.91
2398.419921875,0.91
2404.389892578125,0.91
2415.070068359375,0.91
2415.820068359375,0.91
2412.909912109375,0.91
2411.800048828125,0.91
2430.06005859375,1.04
2439.070068359375,1.04
2436.10009765625,1.04
2429.330078125,1.04
2433.139892578125,1.04
2433.7900390625,1.04
2431.77001953125,1.04
2429.389892578125,1.04
2440.35009765625,1.04
2437.919921875,1.04
2432.4599609375,1.04
2433.14990234375,1.04
2453.4599609375,1.04
2437.030029296875,1.04
2435.610107421875,1.04
2434.5,1.04
2438.300048828125,1.04
2439.070068359375,1.04
2419.3798828125,1.04
2440.68994140625,1.04
2419.699951171875,1.04
2423.409912109375,1.04
2429.010009765625,1.15
2432.5400390625,1.15
2409.75,1.15
2425.179931640625,1.15
2427.429931640625,1.15
2425.530029296875,1.15
2443.25,1.15
2447.830078125,1.15
2459.27001953125,1.15
2459.139892578125,1.15
2460.610107421875,1.15
2473.830078125,1.15
2473.449951171875,1.15
2472.5400390625,1.15
2469.909912109375,1.15
2477.1298828125,1.15
2477.830078125,1.15
2475.419921875,1.15
2472.10009765625,1.15
2470.300048828125,1.15
2476.35009765625,1.16
2477.570068359375,1.16
2472.159912109375,1.16
2476.830078125,1.16
2480.909912109375,1.16
2474.919921875,1.16
2474.02001953125,1.16
2438.2099609375,1.16
2441.320068359375,1.16
2465.840087890625,1.16
2464.610107421875,1.16
2468.110107421875,1.16
2430.010009765625,1.16
2425.550048828125,1.16
2428.3701171875,1.16
2452.510009765625,1.16
2444.0400390625,1.16
2438.969970703125,1.16
2443.050048828125,1.16
2444.239990234375,1.16
2446.300048828125,1.16
2457.590087890625,1.16
2471.64990234375,1.16
2476.550048828125,1.15
2457.85009765625,1.15
2465.5400390625,1.15
2465.10009765625,1.15
2461.429931640625,1.15
2488.110107421875,1.15
2496.47998046875,1.15
2498.3701171875,1.15
2495.6201171875,1.15
2500.22998046875,1.15
2503.8701171875,1.15
2506.64990234375,1.15
2508.239990234375,1.15
2500.60009765625,1.15
2502.219970703125,1.15
2496.659912109375,1.15
2496.840087890625,1.15
2507.0400390625,1.15
2510.06005859375,1.15
2519.360107421875,1.15
2529.1201171875,1.15
2534.580078125,1.15
2537.739990234375,1.15
2552.070068359375,1.15
2549.330078125,1.15
2544.72998046875,1.15
2550.639892578125,1.15
2555.239990234375,1.15
2550.929931640625,1.15
2553.169921875,1.15
2557.639892578125,1.15
2559.360107421875,1.15
2561.260009765625,1.15
2562.10009765625,1.15
2575.2099609375,1.15
2564.97998046875,1.15
2569.1298828125,1.15
2557.14990234375,1.15
2560.39990234375,1.15
2581.070068359375,1.15
2572.830078125,1.15
2575.260009765625,1.15
2579.360107421875,1.16
2579.85009765625,1.16
2587.840087890625,1.16
2591.1298828125,1.16
2590.639892578125,1.16
2594.3798828125,1.16
2584.6201171875,1.16
2582.300048828125,1.16
2584.840087890625,1.16
2578.8701171875,1.16
2564.6201171875,1.16
2585.639892578125,1.16
2578.85009765625,1.16
2582.139892578125,1.16
2599.030029296875,1.16
2597.080078125,1.16
2602.419921875,1.16
2601.419921875,1.16
2627.0400390625,1.16
2626.070068359375,1.16
2647.580078125,1.16
2642.219970703125,1.3
2639.43994140625,1.3
2629.570068359375,1.3
2629.27001953125,1.3
2636.97998046875,1.3
2651.5,1.3
2659.989990234375,1.3
2664.110107421875,1.3
2662.85009765625,1.3
2652.010009765625,1.3
2675.81005859375,1.3
2690.159912109375,1.3
2681.469970703125,1.3
2679.25,1.3
2684.570068359375,1.3
2683.340087890625,1.3
2680.5,1.3
2682.6201171875,1.3
2687.5400390625,1.3
2673.610107421875,1.3
2695.81005859375,1.41
2713.06005859375,1.41
2723.989990234375,1.41
2743.14990234375,1.41
2747.7099609375,1.41
2751.2900390625,1.41
2748.22998046875,1.41
2767.56005859375,1.41
2786.239990234375,1.41
2776.419921875,1.41
2802.56005859375,1.41
2798.030029296875,1.41
2810.300048828125,1.41
2832.969970703125,1.41
2839.1298828125,1.41
2837.5400390625,1.41
2839.25,1.41
2872.8701171875,1.41
2853.530029296875,1.41
2822.429931640625,1.41
2823.81005859375,1.41
2821.97998046875,1.42
2762.1298828125,1.42
2648.93994140625,1.42
2695.139892578125,1.42
2681.659912109375,1.42
2581.0,1.42
2619.550048828125,1.42
2656.0,1.42
2662.93994140625,1.42
2698.6298828125,1.42
2731.199951171875,1.42
2732.219970703125,1.42
2716.260009765625,1.42
2701.330078125,1.42
2703.9599609375,1.42
2747.300048828125,1.42
2779.60009765625,1.42
2744.280029296875,1.42
2713.830078125,1.42
2677.669921875,1.51
2691.25,1.51
2720.93994140625,1.51
2728.1201171875,1.51
2726.800048828125,1.51
2738.969970703125,1.51
2786.570068359375,1.51
2783.02001953125,1.51
2765.31005859375,1.51
2749.47998046875,1.51
2747.330078125,1.51
2752.010009765625,1.51
2712.919921875,1.51
2716.93994140625,1.51
2711.929931640625,1.51
2643.68994140625,1.51
2588.260009765625,1.51
2658.550048828125,1.51
2612.6201171875,1.51
2605.0,1.51
2640.8701171875,1.51
2581.8798828125,1.69
2614.449951171875,1.69
2644.68994140625,1.69
2662.840087890625,1.69
2604.469970703125,1.69
2613.159912109375,1.69
2656.8701171875,1.69
2642.18994140625,1.69
2663.989990234375,1.69
2656.300048828125,1.69
2677.840087890625,1.69
2706.389892578125,1.69
2708.639892578125,1.69
2693.1298828125,1.69
2670.139892578125,1.69
2670.2900390625,1.69
2634.56005859375,1.69
2639.39990234375,1.69
2666.93994140625,1.69
2669.909912109375,1.69
2648.050048828125,1.69
2654.800048828125,1.7
2635.669921875,1.7
2629.72998046875,1.7
2663.419921875,1.7
2672.6298828125,1.7
2671.919921875,1.7
2697.7900390625,1.7
2723.070068359375,1.7
2727.719970703125,1.7
2730.1298828125,1.7
2711.449951171875,1.7
2722.4599609375,1.7
2720.1298828125,1.7
2712.969970703125,1.7
2733.010009765625,1.7
2724.43994140625,1.7
2733.2900390625,1.7
2727.760009765625,1.7
2721.330078125,1.7
2689.860107421875,1.7
2724.010009765625,1.7
2705.27001953125,1.7
2734.6201171875,1.82
2746.8701171875,1.82
2748.800048828125,1.82
2772.35009765625,1.82
2770.3701171875,1.82
2779.030029296875,1.82
2782.0,1.82
2786.85009765625,1.82
2775.6298828125,1.82
2782.489990234375,1.82
2779.659912109375,1.82
2773.75,1.82
2762.590087890625,1.82
2767.320068359375,1.82
2749.760009765625,1.82
2754.8798828125,1.82
2717.070068359375,1.82
2723.06005859375,1.82
2699.6298828125,1.82
2716.31005859375,1.82
2718.3701171875,1.82
2726.7099609375,1.91
2713.219970703125,1.91
2736.610107421875,1.91
2759.820068359375,1.91
2784.169921875,1.91
2793.840087890625,1.91
2774.02001953125,1.91
2798.2900390625,1.91
2801.31005859375,1.91
2798.429931640625,1.91
2809.550048828125,1.91
2815.6201171875,1.91
2804.489990234375,1.91
2801.830078125,1.91
2806.97998046875,1.91
2820.39990234375,1.91
2846.070068359375,1.91
2837.43994140625,1.91
2818.820068359375,1.91
2802.60009765625,1.91
2816.2900390625,1.91
2813.360107421875,1.91
2827.219970703125,1.91
2840.35009765625,1.91
2850.39990234375,1.91
2858.449951171875,1.91
2857.699951171875,1.91
2853.580078125,1.91
2833.280029296875,1.91
2821.929931640625,1.91
2839.9599609375,1.91
2818.3701171875,1.91
2840.68994140625,1.91
2850.1298828125,1.91
2857.050048828125,1.91
2862.9599609375,1.91
2861.820068359375,1.91
2856.97998046875,1.91
2874.68994140625,1.91
2896.739990234375,1.91
2897.52001953125,1.91
2914.0400390625,1.91
2901.1298828125,1.91
2901.52001953125,1.91
2896.719970703125,1.95
2888.60009765625,1.95
2878.050048828125,1.95
2871.679931640625,1.95
2877.1298828125,1.95
2887.889892578125,1.95
2888.919921875,1.95
2904.179931640625,1.95
2904.97998046875,1.95
2888.800048828125,1.95
2904.31005859375,1.95
2907.949951171875,1.95
2930.75,1.95
2929.669921875,1.95
2919.3701171875,1.95
2915.56005859375,1.95
2905.969970703125,1.95
2914.0,1.95
2913.97998046875,1.95
2924.590087890625,2.19
2923.429931640625,2.19
2925.510009765625,2.19
2901.610107421875,2.19
2885.570068359375,2.19
2884.429931640625,2.19
2880.340087890625,2.19
2785.679931640625,2.19
2728.3701171875,2.19
2767.1298828125,2.19
2750.7900390625,2.19
2809.919921875,2.19
2809.2099609375,2.19
2768.780029296875,2.19
2767.780029296875,2.19
2755.8798828125,2.19
2740.68994140625,2.19
2656.10009765625,2.19
2705.570068359375,2.19
2658.68994140625,2.19
2641.25,2.19
2682.6298828125,2.19
2711.739990234375,2.19
2740.3701171875,2.2
2723.06005859375,2.2
2738.31005859375,2.2
2755.449951171875,2.2
2813.889892578125,2.2
2806.830078125,2.2
2781.010009765625,2.2
2726.219970703125,2.2
2722.179931640625,2.2
2701.580078125,2.2
2730.199951171875,2.2
2736.27001953125,2.2
2690.72998046875,2.2
2641.889892578125,2.2
2649.929931640625,2.2
2632.56005859375,2.2
2673.449951171875,2.2
2682.169921875,2.2
2743.7900390625,2.2
2737.800048828125,2.2
2760.169921875,2.2
2790.3701171875,2.27
2700.06005859375,2.27
2695.949951171875,2.27
2633.080078125,2.27
2637.719970703125,2.27
2636.780029296875,2.27
2651.070068359375,2.27
2650.5400390625,2.27
2599.949951171875,2.27
2545.93994140625,2.27
2546.159912109375,2.27
2506.9599609375,2.27
2467.419921875,2.27
2416.6201171875,2.27
2351.10009765625,2.27
2467.699951171875,2.27
2488.830078125,2.27
2485.739990234375,2.27
2506.85009765625,2.27
2510.030029296875,2.4
2447.889892578125,2.4
2531.93994140625,2.4
2549.68994140625,2.4
2574.409912109375,2.4
2584.9599609375,2.4
2596.639892578125,2.4
2596.260009765625,2.4
2582.610107421875,2.4
2610.300048828125,2.4
2616.10009765625,2.4
2635.9599609375,2.4
2670.7099609375,2.4
2632.89990234375,2.4
2638.699951171875,2.4
2642.330078125,2.4
2664.760009765625,2.4
2643.85009765625,2.4
2640.0,2.4
2681.050048828125,2.4
2704.10009765625,2.4
2706.530029296875,2.4
2724.8701171875,2.4
2737.699951171875,2.4
2731.610107421875,2.4
2706.050048828125,2.4
2707.8798828125,2.4
2709.800048828125,2.4
2744.72998046875,2.4
2753.030029296875,2.4
2745.72998046875,2.4
2775.60009765625,2.4
2779.760009765625,2.4
2784.699951171875,2.4
2774.8798828125,2.4
2792.669921875,2.4
2796.110107421875,2.4
2793.89990234375,2.4
2792.3798828125,2.4
2784.489990234375,2.4
2803.68994140625,2.41
2792.81005859375,2.41
2789.64990234375,2.41
2771.449951171875,2.41
2748.929931640625,2.41
2743.070068359375,2.41
2783.300048828125,2.41
2791.52001953125,2.41
2810.919921875,2.41
2808.47998046875,2.41
2822.47998046875,2.41
2832.93994140625,2.41
2832.570068359375,2.41
2824.22998046875,2.41
2854.8798828125,2.41
2800.7099609375,2.41
2798.360107421875,2.41
2818.4599609375,2.41
2805.3701171875,2.41
2815.43994140625,2.41
2834.39990234375,2.41
2867.18994140625,2.42
2867.239990234375,2.42
2873.39990234375,2.42
2879.389892578125,2.42
2892.739990234375,2.42
2895.77001953125,2.42
2878.199951171875,2.42
2888.2099609375,2.42
2888.320068359375,2.42
2907.409912109375,2.42
2905.580078125,2.42
2907.06005859375,2.42
2900.449951171875,2.42
2905.030029296875,2.42
2907.969970703125,2.42
2933.679931640625,2.42
2927.25,2.42
2926.169921875,2.42
2939.8798828125,2.42
2943.030029296875,2.42
2945.830078125,2.42
2923.72998046875,2.39
2917.52001953125,2.39
2945.639892578125,2.39
2932.469970703125,2.39
2884.050048828125,2.39
2879.419921875,2.39
2870.719970703125,2.39
2881.39990234375,2.39
2811.8701171875,2.39
2834.409912109375,2.39
2850.9599609375,2.39
2876.320068359375,2.39
2859.530029296875,2.39
2840.22998046875,2.39
2864.360107421875,2.39
2856.27001953125,2.39
2822.239990234375,2.39
2826.06005859375,2.39
2802.389892578125,2.39
2783.02001953125,2.39
2788.860107421875,2.39
2752.06005859375,2.39
2744.449951171875,2.38
2803.27001953125,2.38
2826.14990234375,2.38
2843.489990234375,2.38
2873.340087890625,2.38
2886.72998046875,2.38
2885.719970703125,2.38
2879.840087890625,2.38
2891.639892578125,2.38
2886.97998046875,2.38
2889.669921875,2.38
2917.75,2.38
2926.4599609375,2.38
2954.179931640625,2.38
2950.4599609375,2.38
2945.35009765625,2.38
2917.3798828125,2.38
2913.780029296875,2.38
2924.919921875,2.38
2941.760009765625,2.38
2964.330078125,2.4
2973.010009765625,2.4
2995.820068359375,2.4
2990.409912109375,2.4
2975.949951171875,2.4
2979.6298828125,2.4
2993.070068359375,2.4
2999.909912109375,2.4
3013.77001953125,2.4
3014.300048828125,2.4
3004.0400390625,2.4
2984.419921875,2.4
2995.110107421875,2.4
2976.610107421875,2.4
2985.030029296875,2.4
3005.469970703125,2.4
3019.56005859375,2.4
3003.669921875,2.4
3025.860107421875,2.4
3020.969970703125,2.4
3013.179931640625,2.4
2980.3798828125,2.4
2953.56005859375,2.13
2932.050048828125,2.13
2844.739990234375,2.13
2881.77001953125,2.13
2883.97998046875,2.13
2938.090087890625,2.13
2918.64990234375,2.13
2882.699951171875,2.13
2926.320068359375,2.13
2840.60009765625,2.13
2847.60009765625,2.13
2888.679931640625,2.13
2923.64990234375,2.13
2900.510009765625,2.13
2924.429931640625,2.13
2922.949951171875,2.13
2847.110107421875,2.13
2878.3798828125,2.13
2869.159912109375,2.13
2887.93994140625,2.13
2924.580078125,2.13
2926.4599609375,2.13
2906.27001953125,2.04
2937.780029296875,2.04
2976.0,2.04
2978.7099609375,2.04
2978.429931640625,2.04
2979.389892578125,2.04
3000.929931640625,2.04
3009.570068359375,2.04
3007.389892578125,2.04
2997.9599609375,2.04
3005.699951171875,2.04
3006.72998046875,2.04
3006.7900390625,2.04
2992.070068359375,2.04
2991.780029296875,2.04
2966.60009765625,2.04
2984.8701171875,2.04
2977.6201171875,2.04
2961.7900390625,2.04
2976.739990234375,2.04
2940.25,1.83
2887.610107421875,1.83
2910.6298828125,1.83
2952.010009765625,1.83
2938.7900390625,1.83
2893.06005859375,1.83
2919.39990234375,1.83
2938.1298828125,1.83
2970.27001953125,1.83
2966.14990234375,1.83
2995.679931640625,1.83
2989.68994140625,1.83
2997.949951171875,1.83
2986.199951171875,1.83
3006.719970703125,1.83
2995.989990234375,1.83
3004.52001953125,1.83
3010.2900390625,1.83
3022.550048828125,1.83
3039.419921875,1.83
3036.889892578125,1.83
3046.77001953125,1.83
3037.56005859375,1.83
3066.909912109375,1.55
3078.27001953125,1.55
3074.6201171875,1.55
3076.780029296875,1.55
3085.179931640625,1.55
3093.080078125,1.55
3087.010009765625,1.55
3091.840087890625,1.55
3094.0400390625,1.55
3096.6298828125,1.55
3120.4599609375,1.55
3122.030029296875,1.55
3120.179931640625,1.55
3108.4599609375,1.55
3103.5400390625,1.55
3110.2900390625,1.55
3133.639892578125,1.55
3140.52001953125,1.55
3153.6298828125,1.55
3140.97998046875,1.55
3113.8701171875,1.55
3093.199951171875,1.55
3112.760009765625,1.55
3117.429931640625,1.55
3145.909912109375,1.55
3135.9599609375,1.55
3132.52001953125,1.55
3141.6298828125,1.55
3168.570068359375,1.55
3168.800048828125,1.55
3191.449951171875,1.55
3192.52001953125,1.55
3191.139892578125,1.55
3205.3701171875,1.55
3221.219970703125,1.55
3224.010009765625,1.55
3223.3798828125,1.55
3239.909912109375,1.55
3240.02001953125,1.55
3221.2900390625,1.55
3230.780029296875,1.55
3257.85009765625,1.55
3234.85009765625,1.55
3246.280029296875,1.55
3237.179931640625,1.55
3253.050048828125,1.55
3274.699951171875,1.55
3265.35009765625,1.55
3288.1298828125,1.55
3283.14990234375,1.55
3289.2900390625,1.55
3316.81005859375,1.55
3329.6201171875,1.55
3320.7900390625,1.55
3321.75,1.55
3325.5400390625,1.55
3295.469970703125,1.55
3243.6298828125,1.55
3276.239990234375,1.55
3273.39990234375,1.55
3283.659912109375,1.55
3225.52001953125,1.55
3248.919921875,1.58
3297.590087890625,1.58
3334.68994140625,1.58
3345.780029296875,1.58
3327.7099609375,1.58
3352.090087890625,1.58
3357.75,1.58
3379.449951171875,1.58
3373.93994140625,1.58
3380.159912109375,1.58
3370.2900390625,1.58
3386.14990234375,1.58
3373.22998046875,1.58
3337.75,1.58
3225.889892578125,1.58
3128.2099609375,1.58
3116.389892578125,1.58
2978.760009765625,1.58
2954.219970703125,1.58
3090.22998046875,0.65
3003.3701171875,0.65
3130.1201171875,0.65
3023.93994140625,0.65
2972.3701171875,0.65
2746.56005859375,0.65
2882.22998046875,0.65
2741.3798828125,0.65
2480.639892578125,0.65
2711.02001953125,0.65
2386.1298828125,0.65
2529.18994140625,0.65
2398.10009765625,0.65
2409.389892578125,0.65
2304.919921875,0.65
2237.39990234375,0.65
2447.330078125,0.65
2475.56005859375,0.65
2630.070068359375,0.65
2541.469970703125,0.65
2626.64990234375,0.65
2584.590087890625,0.65
2470.5,0.05
2526.89990234375,0.05
2488.64990234375,0.05
2663.679931640625,0.05
2659.409912109375,0.05
2749.97998046875,0.05
2789.820068359375,0.05
2761.6298828125,0.05
2846.06005859375,0.05
2783.360107421875,0.05
2799.550048828125,0.05
2874.56005859375,0.05
2823.159912109375,0.05
2736.56005859375,0.05
2799.31005859375,0.05
2797.800048828125,0.05
2836.739990234375,0.05
2878.47998046875,0.05
2863.389892578125,0.05
2939.510009765625,0.05
2912.429931640625,0.05
2830.7099609375,0.05
2842.739990234375,0.05
2868.43994140625,0.05
2848.419921875,0.05
2881.18994140625,0.05
2929.800048828125,0.05
2930.18994140625,0.05
2870.1201171875,0.05
2820.0,0.05
2852.5,0.05
2863.699951171875,0.05
2953.909912109375,0.05
2922.93994140625,0.05
2971.610107421875,0.05
2948.510009765625,0.05
2955.449951171875,0.05
2991.77001953125,0.05
3036.1298828125,0.05
3029.72998046875,0.05
3044.31005859375,0.05
3055.72998046875,0.08
3080.820068359375,0.08
3122.8701171875,0.08
3112.35009765625,0.08
3193.929931640625,0.08
3232.389892578125,0.08
3207.179931640625,0.08
3190.139892578125,0.08
3002.10009765625,0.08
3041.31005859375,0.08
3066.590087890625,0.08
3124.739990234375,0.08
3113.489990234375,0.08
3115.340087890625,0.08
3097.739990234375,0.08
3117.860107421875,0.08
3131.2900390625,0.08
3050.330078125,0.08
3083.760009765625,0.08
3009.050048828125,0.08
3053.239990234375,0.08
3100.2900390625,0.08
3115.860107421875,0.09
3130.010009765625,0.09
3179.719970703125,0.09
3145.320068359375,0.09
3169.93994140625,0.09
3152.050048828125,0.09
3185.0400390625,0.09
3155.219970703125,0.09
3197.52001953125,0.09
3226.56005859375,0.09
3215.570068359375,0.09
3224.72998046875,0.09
3251.840087890625,0.09
3257.300048828125,0.09
3276.02001953125,0.09
3235.659912109375,0.09
3215.6298828125,0.09
3239.409912109375,0.09
3218.43994140625,0.09
3258.43994140625,0.09
3246.219970703125,0.09
3271.1201171875,0.09
3294.610107421875,0.1
3306.510009765625,0.1
3327.77001953125,0.1
3349.159912109375,0.1
3351.280029296875,0.1
3360.469970703125,0.1
3333.68994140625,0.1
3380.35009765625,0.1
3373.429931640625,0.1
3372.85009765625,0.1
3381.989990234375,0.1
3389.780029296875,0.1
3374.85009765625,0.1
3385.510009765625,0.1
3397.159912109375,0.1
3431.280029296875,0.1
3443.6201171875,0.1
3478.72998046875,0.1
3484.550048828125,0.1
3508.010009765625,0.1
3500.31005859375,0.1
3526.64990234375,0.09
3580.840087890625,0.09
3455.06005859375,0.09
3426.9599609375,0.09
3331.840087890625,0.09
3398.9599609375,0.09
3339.18994140625,0.09
3340.969970703125,0.09
3383.5400390625,0.09
3401.199951171875,0.09
3385.489990234375,0.09
3357.010009765625,0.09
3319.469970703125,0.09
3281.06005859375,0.09
3315.570068359375,0.09
3236.919921875,0.09
3246.590087890625,0.09
3298.4599609375,0.09
3351.60009765625,0.09
3335.469970703125,0.09
3363.0,0.09
3380.800048828125,0.09
3348.419921875,0.09
3408.60009765625,0.09
3360.969970703125,0.09
3419.43994140625,0.09
3446.830078125,0.09
3477.139892578125,0.09
3534.219970703125,0.09
3511.929931640625,0.09
3488.669921875,0.09
3483.340087890625,0.09
3483.81005859375,0.09
3426.919921875,0.09
3443.1201171875,0.09
3435.56005859375,0.09
3453.489990234375,0.09
3465.389892578125,0.09
3400.969970703125,0.09
3390.679931640625,0.09
3271.030029296875,0.09
3310.110107421875,0.09
3269.9599609375,0.09
3310.239990234375,0.09
3369.159912109375,0.09
3443.43994140625,0.09
3510.449951171875,0.09
3509.43994140625,0.09
3550.5,0.09
3545.530029296875,0.09
3572.659912109375,0.09
3537.010009765625,0.09
3585.14990234375,0.09
3626.909912109375,0.09
3609.530029296875,0.09
3567.7900390625,0.09
3581.8701171875,0.09
3557.5400390625,0.09
3577.590087890625,0.09
3635.409912109375,0.09
3629.64990234375,0.09
3638.35009765625,0.09
3621.6298828125,0.09
3662.449951171875,0.09
3669.010009765625,0.09
3666.719970703125,0.09
3699.1201171875,0.09
3691.9599609375,0.09
3702.25,0.09
3672.820068359375,0.09
3668.10009765625,0.09
3663.4599609375,0.09
3647.489990234375,0.09
3694.6201171875,0.09
3701.169921875,0.09
3722.47998046875,0.09
3709.409912109375,0.09
3694.919921875,0.09
3687.260009765625,0.09
3690.010009765625,0.09
3703.06005859375,0.09
3735.360107421875,0.09
3727.0400390625,0.09
3732.0400390625,0.09
3756.070068359375,0.09
3700.64990234375,0.09
3726.860107421875,0.09
3748.139892578125,0.09
3803.7900390625,0.09
3824.679931640625,0.09
3799.610107421875,0.09
3801.18994140625,0.09
3809.840087890625,0.09
3795.5400390625,0.09
3768.25,0.09
3798.909912109375,0.09
3851.85009765625,0.09
3853.070068359375,0.09
3841.469970703125,0.09
3855.360107421875,0.09
3849.6201171875,0.09
3750.77001953125,0.09
3787.3798828125,0.09
3714.239990234375,0.09
3773.860107421875,0.08
3826.31005859375,0.08
3830.169921875,0.08
3871.739990234375,0.08
3886.830078125,0.08
3915.590087890625,0.08
3911.22998046875,0.08
3909.8798828125,0.08
3916.3798828125,0.08
3934.830078125,0.08
3932.590087890625,0.08
3931.330078125,0.08
3913.969970703125,0.08
3906.7099609375,0.08
3876.5,0.08
3881.3701171875,0.08
3925.429931640625,0.08
3829.340087890625,0.08
3811.14990234375,0.08
3901.820068359375,0.07
3870.2900390625,0.07
3819.719970703125,0.07
3768.469970703125,0.07
3841.93994140625,0.07
3821.35009765625,0.07
3875.43994140625,0.07
3898.81005859375,0.07
3939.340087890625,0.07
3943.340087890625,0.07
3968.93994140625,0.07
3962.7099609375,0.07
3974.1201171875,0.07
3915.4599609375,0.07
3913.10009765625,0.07
3940.590087890625,0.07
3910.52001953125,0.07
3889.139892578125,0.07
3909.52001953125,0.07
3974.5400390625,0.07
3971.090087890625,0.07
3958.550048828125,0.07
3972.889892578125,0.07
4019.8701171875,0.07
4077.909912109375,0.07
4073.93994140625,0.07
4079.949951171875,0.07
4097.169921875,0.07
4128.7998046875,0.07
4127.990234375,0.07
4141.58984375,0.07
4124.66015625,0.07
4170.419921875,0.07
4185.47021484375,0.07
4163.259765625,0.07
4134.93994140625,0.07
4173.419921875,0.07
4134.97998046875,0.07
4180.169921875,0.07
4187.6201171875,0.07
4186.72021484375,0.07
4183.18017578125,0.07
4211.47021484375,0.07
4181.169921875,0.07
4192.66015625,0.06
4164.66015625,0.06
4167.58984375,0.06
4201.6201171875,0.06
4232.60009765625,0.06
4188.43017578125,0.06
4152.10009765625,0.06
4063.0400390625,0.06
4112.5,0.06
4173.85009765625,0.06
4163.2900390625,0.06
4127.830078125,0.06
4115.68017578125,0.06
4159.1201171875,0.06
4155.85986328125,0.06
4197.0498046875,0.06
4188.1298828125,0.06
4195.990234375,0.06
4200.8798828125,0.06
4204.10986328125,0.06
4202.0400390625,0.08
4208.1201171875,0.08
4192.85009765625,0.08
4229.89013671875,0.08
4226.52001953125,0.08
4227.259765625,0.08
4219.5498046875,0.08
4239.18017578125,0.08
4247.43994140625,0.08
4255.14990234375,0.08
4246.58984375,0.08
4223.7001953125,0.08
4221.85986328125,0.08
4166.4501953125,0.08
4224.7900390625,0.08
4246.43994140625,0.08
4241.83984375,0.08
4266.490234375,0.08
4280.7001953125,0.08
4290.60986328125,0.08
4291.7998046875,0.08
4297.5,0.08
4319.93994140625,0.1
4352.33984375,0.1
4343.5400390625,0.1
4358.1298828125,0.1
4320.81982421875,0.1
4369.5498046875,0.1
4384.6298828125,0.1
4369.2099609375,0.1
4374.2998046875,0.1
4360.02978515625,0.1
4327.16015625,0.1
4258.490234375,0.1
4323.06005859375,0.1
4358.68994140625,0.1
4367.47998046875,0.1
4411.7900390625,0.1
4422.2998046875,0.1
4401.4599609375,0.1
4400.64013671875,0.1
4419.14990234375,0.1
4395.259765625,0.1
4387.16015625,0.09
4423.14990234375,0.09
4402.66015625,0.09
4429.10009765625,0.09
4436.52001953125,0.09
4432.35009765625,0.09
4436.75,0.09
4442.41015625,0.09
4460.830078125,0.09
4468.0,0.09
4479.7099609375,0.09
4448.080078125,0.09
4400.27001953125,0.09
4405.7998046875,0.09
4441.669921875,0.09
4479.52978515625,0.09
4486.22998046875,0.09
4496.18994140625,0.09
4470.0,0.09
4509.3701171875,0.09
4528.7900390625,0.09
4522.68017578125,0.09
4524.08984375,0.08
4536.9501953125,0.08
4535.43017578125,0.08
4520.02978515625,0.08
4514.06982421875,0.08
4493.27978515625,0.08
4458.580078125,0.08
4468.72998046875,0.08
4443.0498046875,0.08
4480.7001953125,0.08
4473.75,0.08
4432.990234375,0.08
4357.72998046875,0.08
4354.18994140625,0.08
4395.64013671875,0.08
4448.97998046875,0.08
4455.47998046875,0.08
4443.10986328125,0.08
4352.6298828125,0.08
4359.4599609375,0.08
4307.5400390625,0.08
4357.0400390625,0.08
4300.4599609375,0.08
4345.72021484375,0.08
4363.5498046875,0.08
4399.759765625,0.08
4391.33984375,0.08
4361.18994140625,0.08
4350.64990234375,0.08
4363.7998046875,0.08
4438.259765625,0.08
4471.3701171875,0.08
4486.4599609375,0.08
4519.6298828125,0.08
4536.18994140625,0.08
4549.77978515625,0.08
4544.89990234375,0.08
4566.47998046875,0.08
4574.7900390625,0.08
4551.68017578125,0.08
4596.419921875,0.08
4605.3798828125,0.08
4613.669921875,0.08
4630.64990234375,0.08
4660.56982421875,0.08
4680.06005859375,0.08
4697.52978515625,0.08
4701.7001953125,0.08
4685.25,0.08
4646.7099609375,0.08
4649.27001953125,0.08
4682.85009765625,0.08
4682.7998046875,0.08
4700.89990234375,0.08
4688.669921875,0.08
4704.5400390625,0.08
4697.9599609375,0.08
4682.93994140625,0.08
4690.7001953125,0.08
4701.4599609375,0.08
4594.6201171875,0.08
4655.27001953125,0.08
4567.0,0.08
4513.0400390625,0.08
4577.10009765625,0.08
4538.43017578125,0.08
4591.669921875,0.08
4686.75,0.08
4701.2099609375,0.08
4667.4501953125,0.08
4712.02001953125,0.08
4668.97021484375,0.08
4634.08984375,0.08
4709.85009765625,0.08
4668.669921875,0.08
4620.64013671875,0.08
4568.02001953125,0.08
4649.22998046875,0.08
4696.56005859375,0.08
4725.7900390625,0.08
4791.18994140625,0.08
4786.35009765625,0.08
4793.06005859375,0.08
4778.72998046875,0.08
4766.18017578125,0.08
4796.56005859375,0.08
4793.5400390625,0.08
4700.580078125,0.08
4696.0498046875,0.08
4677.02978515625,0.08
4670.2900390625,0.08
4713.06982421875,0.08
4726.35009765625,0.08
4659.02978515625,0.08
4662.85009765625,0.08
4577.10986328125,0.08
4532.759765625,0.08
4482.72998046875,0.08
4397.93994140625,0.08
4410.1298828125,0.08
4356.4501953125,0.08
4349.93017578125,0.08
4326.509765625,0.08
4431.85009765625,0.08
4515.5498046875,0.08
4546.5400390625,0.08
4589.3798828125,0.08
4477.43994140625,0.08
4500.52978515625,0.08
4483.8701171875,0.08
4521.5400390625,0.08
4587.18017578125,0.08
4504.080078125,0.08
4418.64013671875,0.08
4401.669921875,0.08
4471.06982421875,0.08
4475.009765625,0.08
4380.259765625,0.08
4348.8701171875,0.08
4304.759765625,0.08
4225.5,0.08
4288.7001953125,0.08
4384.64990234375,0.08
4373.93994140625,0.08
4306.259765625,0.2
4386.5400390625,0.2
4363.490234375,0.2
4328.8701171875,0.2
4201.08984375,0.2
4170.7001953125,0.2
4277.8798828125,0.2
4259.52001953125,0.2
4204.31005859375,0.2
4173.10986328125,0.2
4262.4501953125,0.2
4357.85986328125,0.2
4411.669921875,0.2
4463.1201171875,0.2
4461.18017578125,0.2
4511.60986328125,0.2
4456.240234375,0.2
4520.16015625,0.2
4543.06005859375,0.2
4575.52001953125,0.2
4631.60009765625,0.2
4602.4501953125,0.2
4530.41015625,0.2
4545.85986328125,0.33
4582.64013671875,0.33
4525.1201171875,0.33
4481.14990234375,0.33
4500.2099609375,0.33
4488.27978515625,0.33
4412.52978515625,0.33
4397.4501953125,0.33
4446.58984375,0.33
4392.58984375,0.33
4391.68994140625,0.33
4462.2099609375,0.33
4459.4501953125,0.33
4393.66015625,0.33
4271.77978515625,0.33
4296.1201171875,0.33
4175.2001953125,0.33
4183.9599609375,0.33
4287.5,0.33
4131.93017578125,0.33
4155.3798828125,0.77
4175.47998046875,0.77
4300.169921875,0.77
4146.8701171875,0.77
4123.33984375,0.77
3991.239990234375,0.77
4001.050048828125,0.77
3935.179931640625,0.77
3930.080078125,0.77
4023.889892578125,0.77
4008.010009765625,0.77
4088.85009765625,0.77
3923.679931640625,0.77
3900.7900390625,0.77
3901.360107421875,0.77
3973.75,0.77
3941.47998046875,0.77
3978.72998046875,0.77
4057.840087890625,0.77
4158.240234375,0.77
4132.14990234375,0.77
4101.22998046875,1.21
4176.81982421875,1.21
4108.5400390625,1.21
4121.43017578125,1.21
4160.68017578125,1.21
4115.77001953125,1.21
4017.820068359375,1.21
3900.860107421875,1.21
3749.6298828125,1.21
3735.47998046875,1.21
3789.989990234375,1.21
3666.77001953125,1.21
3674.840087890625,1.21
3764.7900390625,1.21
3759.889892578125,1.21
3795.72998046875,1.21
3911.739990234375,1.21
3900.110107421875,1.21
3821.550048828125,1.21
3818.830078125,1.21
3785.3798828125,1.21
3825.330078125,1.68
3831.389892578125,1.68
3845.080078125,1.68
3902.6201171875,1.68
3899.3798828125,1.68
3854.429931640625,1.68
3818.800048828125,1.68
3801.780029296875,1.68
3790.3798828125,1.68
3863.159912109375,1.68
3830.85009765625,1.68
3936.68994140625,1.68
3959.89990234375,1.68
3998.949951171875,1.68
3961.6298828125,1.68
3966.840087890625,1.68
3921.050048828125,1.68
4023.610107421875,1.68
4072.429931640625,1.68
4130.2900390625,1.68
4118.6298828125,2.33
4091.18994140625,2.33
4155.169921875,2.33
4151.93994140625,2.33
4145.18994140625,2.33
4140.06005859375,2.33
4122.47021484375,2.33
4210.240234375,2.33
4207.27001953125,2.33
4280.14990234375,2.33
4297.14013671875,2.33
4305.2001953125,2.33
4274.0400390625,2.33
4283.740234375,2.33
4228.47998046875,2.33
4137.990234375,2.33
4128.72998046875,2.33
4140.77001953125,2.33
4199.1201171875,2.33
4057.659912109375,2.33
4030.610107421875,2.33
3986.159912109375,2.33
3955.0,2.33
3966.85009765625,2.56
3924.260009765625,2.56
3908.18994140625,2.56
3979.8701171875,2.56
4006.179931640625,2.56
4067.360107421875,2.56
4110.41015625,2.56
3932.68994140625,2.56
3946.010009765625,2.56
3901.35009765625,2.56
3873.330078125,2.56
3899.889892578125,2.56
3855.929931640625,2.56
3789.929931640625,2.56
3757.989990234375,2.56
3693.22998046875,2.56
3655.0400390625,2.56
3647.2900390625,2.56
3719.0400390625,2.56
3640.469970703125,2.56
3585.6201171875,2.56
3678.429931640625,3.08
3790.929931640625,3.08
3783.280029296875,3.08
3744.52001953125,3.08
3639.659912109375,3.08
3612.389892578125,3.08
3588.840087890625,3.08
3577.030029296875,3.08
3669.909912109375,3.08
3583.070068359375,3.08
3677.949951171875,3.08
3719.97998046875,3.08
3695.159912109375,3.08
3665.780029296875,3.08
3752.75,3.08
3797.340087890625,3.08
3859.110107421875,3.08
3830.60009765625,3.08
3807.300048828125,3.08
3901.06005859375,3.08
3871.97998046875,3.08
3856.10009765625,3.78
3759.68994140625,3.78
3719.889892578125,3.78
3770.550048828125,3.78
3806.800048828125,3.78
3828.110107421875,3.78
3748.570068359375,3.78
3956.3701171875,3.78
3992.929931640625,3.78
3957.25,3.78
3991.72998046875,3.78
3958.7900390625,3.78
3946.56005859375,3.78
3965.340087890625,3.78
3949.93994140625,3.78
4003.580078125,3.78
4027.260009765625,3.78
4026.1201171875,3.78
3963.93994140625,3.78
3957.6298828125,3.78
4080.110107421875,3.78
4076.570068359375,4.1
4071.699951171875,4.1
3998.840087890625,4.1
3941.260009765625,4.1
3933.919921875,4.1
3963.510009765625,4.1
3934.3798828125,4.1
3990.56005859375,4.1
4019.64990234375,4.1
3995.320068359375,4.1
3895.75,4.1
3852.360107421875,4.1
3817.659912109375,4.1
3821.6201171875,4.1
3878.43994140625,4.1
3822.389892578125,4.1
3844.820068359375,4.1
3829.25,4.1
3783.219970703125,4.1
3849.280029296875,4.1
3839.5,4.1
3824.139892578125,4.33
3852.969970703125,4.33
3808.10009765625,4.33
3895.080078125,4.33
3892.090087890625,4.33
3919.25,4.33
3969.610107421875,4.33
3983.169921875,4.33
3999.090087890625,4.33
3990.969970703125,4.33
3928.860107421875,4.33
3898.85009765625,4.33
3972.610107421875,4.33
4019.81005859375,4.33
4016.949951171875,4.33
4016.219970703125,4.33
4060.429931640625,4.33
4070.56005859375,4.33
4017.77001953125,4.33
4076.60009765625,4.33
4119.2099609375,4.57
4179.759765625,4.57
4136.47998046875,4.57
4111.080078125,4.57
4164.0,4.57
4117.85986328125,4.57
4081.5,4.57
4090.4599609375,4.57
4137.2900390625,4.57
4136.1298828125,4.57
4147.60009765625,4.57
4090.409912109375,4.57
4079.090087890625,4.57
3997.340087890625,4.57
3991.050048828125,4.57
4012.320068359375,4.57
3970.0400390625,4.57
3982.239990234375,4.57
3970.14990234375,4.57
3951.389892578125,4.65
3981.35009765625,4.65
4045.639892578125,4.65
4048.419921875,4.65
3986.3701171875,4.65
3992.010009765625,4.65
3918.320068359375,4.65
3861.590087890625,4.65
3855.760009765625,4.65
3919.2900390625,4.65
3891.929931640625,4.65
3960.280029296875,4.65
3916.639892578125,4.65
3951.570068359375,4.65
4002.8701171875,4.65
3936.969970703125,4.65
3948.719970703125,4.65
3970.989990234375,4.65
3977.530029296875,4.65
3971.27001953125,4.65
4027.81005859375,4.65
4050.830078125,4.65
4109.31005859375,4.65
4124.509765625,4.83
4100.60009765625,4.83
4090.3798828125,4.83
4105.02001953125,4.83
4109.10986328125,4.83
4108.93994140625,4.83
4091.949951171875,4.83
4146.22021484375,4.83
4137.64013671875,4.83
4151.31982421875,4.83
4154.8701171875,4.83
4154.52001953125,4.83
4129.7900390625,4.83
4133.52001953125,4.83
4137.0400390625,4.83
4071.6298828125,4.83
4055.989990234375,4.83
4135.35009765625,4.83
4169.47998046875,4.83
4167.8701171875,5.06
4119.580078125,5.06
4090.75,5.06
4061.219970703125,5.06
4136.25,5.06
4138.1201171875,5.06
4119.169921875,5.06
4137.64013671875,5.06
4130.6201171875,5.06
4124.080078125,5.06
4136.27978515625,5.06
4109.89990234375,5.06
4158.77001953125,5.06
4198.0498046875,5.06
4191.97998046875,5.06
4192.6298828125,5.06
4145.580078125,5.06
4115.240234375,5.06
4151.27978515625,5.06
4205.4501953125,5.06
4205.52001953125,5.06
4179.830078125,5.06
4221.02001953125,5.08
4282.3701171875,5.08
4273.7900390625,5.08
4283.85009765625,5.08
4267.52001953125,5.08
4293.93017578125,5.08
4298.85986328125,5.08
4338.93017578125,5.08
4369.009765625,5.08
4372.58984375,5.08
4425.83984375,5.08
4409.58984375,5.08
4388.7099609375,5.08
4365.68994140625,5.08
4381.89013671875,5.08
4348.330078125,5.08
4328.81982421875,5.08
4378.41015625,5.08
4376.85986328125,5.08
4396.43994140625,5.08
4450.3798828125,5.08
4455.58984375,5.12
4446.81982421875,5.12
4411.58984375,5.12
4398.9501953125,5.12
4409.52978515625,5.12
4439.259765625,5.12
4472.16015625,5.12
4510.0400390625,5.12
4505.419921875,5.12
4522.7900390625,5.12
4554.97998046875,5.12
4565.72021484375,5.12
4534.8701171875,5.12
4536.33984375,5.12
4554.64013671875,5.12
4567.4599609375,5.12
4566.75,5.12
4537.41015625,5.12
4582.22998046875,5.12
4588.9599609375,5.12
4576.72998046875,5.33
4513.39013671875,5.33
4501.89013671875,5.33
4478.02978515625,5.33
4518.43994140625,5.33
4499.3798828125,5.33
4467.7099609375,5.33
4468.830078125,5.33
4464.0498046875,5.33
4489.72021484375,5.33
4437.85986328125,5.33
4404.330078125,5.33
4370.35986328125,5.33
4369.7099609375,5.33
4399.77001953125,5.33
4387.5498046875,5.33
4436.009765625,5.33
4376.31005859375,5.33
4405.7099609375,5.33
4433.31005859375,5.33
4497.6298828125,5.33
4514.8701171875,5.33
4507.66015625,5.33
4515.77001953125,5.33
4496.830078125,5.33
4465.47998046875,5.33
4451.14013671875,5.33
4457.490234375,5.33
4487.4599609375,5.33
4461.89990234375,5.33
4467.43994140625,5.33
4505.10009765625,5.33
4450.31982421875,5.33
4453.52978515625,5.33
4443.9501953125,5.33
4402.2001953125,5.33
4330.0,5.33
4320.06005859375,5.33
4337.43994140625,5.33
4273.52978515625,5.33
4274.509765625,5.33
4299.7001953125,5.33
4288.0498046875,5.33
4288.39013671875,5.33
4229.4501953125,5.33
4263.75,5.33
4258.18994140625,5.33
4308.5,5.33
4335.66015625,5.33
4358.240234375,5.33
4376.9501953125,5.33
4349.60986328125,5.33
4327.77978515625,5.33
4373.6298828125,5.33
4373.2001953125,5.33
4314.60009765625,5.33
4278.0,5.33
4224.16015625,5.33
4217.0400390625,5.33
4247.68017578125,5.33
4186.77001953125,5.33
4137.22998046875,5.33
4117.3701171875,5.33
4166.81982421875,5.33
4193.7998046875,5.33
4237.85986328125,5.33
4317.77978515625,5.33
4358.33984375,5.33
4365.97998046875,5.33
4378.3798828125,5.33
4382.77978515625,5.33
4347.35009765625,5.33
4415.240234375,5.33
4411.5498046875,5.33
4495.7001953125,5.33
4502.8798828125,5.33
4508.240234375,5.33
4514.02001953125,5.33
4547.3798828125,5.33
4538.18994140625,5.33
4556.6201171875,5.33
4559.33984375,5.33
4550.43017578125,5.33
4554.89013671875,5.33
4550.580078125,5.33
4567.7998046875,5.33
4594.6298828125,5.33
4569.77978515625,5.33
4567.18017578125,5.33
4549.33984375,5.33
4585.58984375,5.33
4604.3701171875,5.33
4622.43994140625,5.33
4643.7001953125,5.33
4707.08984375,5.33
4719.5498046875,5.33
4719.18994140625,5.33
4740.56005859375,5.33
4768.3701171875,5.33
4698.35009765625,5.33
4746.75,5.33
4754.6298828125,5.33
4774.75,5.33
4781.580078125,5.33
4783.35009765625,5.33
4769.830078125,5.33
4742.830078125,5.33
4704.81005859375,5.33
4688.68017578125,5.33
4697.240234375,5.33
4763.5400390625,5.33
4756.5,5.33
4783.4501953125,5.33
4780.240234375,5.33
4783.830078125,5.33
4765.97998046875,5.33
4739.2099609375,5.33
4780.93994140625,5.33
4839.81005859375,5.33
4850.43017578125,5.33
4864.60009765625,5.33
4868.5498046875,5.33
4894.16015625,5.33
4890.97021484375,5.33
4927.93017578125,5.33
4924.97021484375,5.33
4845.64990234375,5.33
4906.18994140625,5.33
4958.60986328125,5.33
4942.81005859375,5.33
4954.22998046875,5.33
4995.06005859375,5.33
4997.91015625,5.33
5026.60986328125,5.33
5021.83984375,5.33
4953.169921875,5.33
5000.6201171875,5.33
5029.72998046875,5.33
5005.56982421875,5.33
4975.509765625,5.33
4981.7998046875,5.33
5087.02978515625,5.33
5088.7998046875,5.33
5069.52978515625,5.33
5078.18017578125,5.33
5069.759765625,5.33
5096.27001953125,5.33
5137.080078125,5.33
5130.9501953125,5.33
5078.64990234375,5.33
5104.759765625,5.33
5157.35986328125,5.33
5123.68994140625,5.33
5117.93994140625,5.33
5175.27001953125,5.33
5165.31005859375,5.33
5150.47998046875,5.33
5117.08984375,5.33
5149.419921875,5.33
5178.509765625,5.33
5224.6201171875,5.33
5241.52978515625,5.33
5234.18017578125,5.33
5218.18994140625,5.33
5203.580078125,5.33
5248.490234375,5.33
5254.35009765625,5.33
5243.77001953125,5.33
5205.81005859375,5.33
5211.490234375,5.33
5147.2099609375,5.33
5204.33984375,5.33
5202.39013671875,5.33
5209.91015625,5.33
5160.64013671875,5.33
5199.06005859375,5.33
5123.41015625,5.33
5061.81982421875,5.33
5051.41015625,5.33
5022.2099609375,5.33
5011.1201171875,5.33
4967.22998046875,5.33
5010.60009765625,5.33
5070.5498046875,5.33
5071.6298828125,5.33
5048.419921875,5.33
5099.9599609375,5.33
5116.169921875,5.33
5035.68994140625,5.33
5018.39013671875,5.33
5064.2001953125,5.33
5127.7900390625,5.33
5180.740234375,5.33
5187.7001953125,5.33
5187.669921875,5.33
5214.080078125,5.33
5222.68017578125,5.33
5221.419921875,5.33
5246.68017578125,5.33
5308.14990234375,5.33
5297.10009765625,5.33
5303.27001953125,5.33
5308.1298828125,5.33
5321.41015625,5.33
5307.009765625,5.33
5267.83984375,5.33
5304.72021484375,5.33
5306.0400390625,5.33
5266.9501953125,5.33
5235.47998046875,5.33
5277.509765625,5.33
5283.39990234375,5.33
5291.33984375,5.33
5354.02978515625,5.33
5352.9599609375,5.33
5346.990234375,5.33
5360.7900390625,5.33
5375.31982421875,5.33
5421.02978515625,5.33
5433.740234375,5.33
5431.60009765625,5.33
5473.22998046875,5.33
5487.02978515625,5.33
5473.169921875,5.33
5464.6201171875,5.33
5447.8701171875,5.33
5469.2998046875,5.33
5477.89990234375,5.33
5482.8701171875,5.33
5460.47998046875,5.33
5475.08984375,5.33
5509.009765625,5.33
5537.02001953125,5.33
5567.18994140625,5.33
5572.85009765625,5.33
5576.97998046875,5.33
5633.91015625,5.33
5584.5400390625,5.33
5615.35009765625,5.33
5631.22021484375,5.33
5667.2001953125,5.33
5588.27001953125,5.33
5544.58984375,5.33
5505.0,5.33
5564.41015625,5.33
5555.740234375,5.33
5427.1298828125,5.33
5399.22021484375,5.33
5459.10009765625,5.33
5463.5400390625,5.33
5436.43994140625,5.33
5522.2998046875,5.33
5446.68017578125,5.33
5346.56005859375,5.33
5186.330078125,5.33
5240.02978515625,5.33
5199.5,5.33
5319.31005859375,5.33
5344.16015625,5.33
5344.39013671875,5.33
5434.43017578125,5.33
5455.2099609375,5.33
5543.22021484375,5.33
5554.25,5.33
5608.25,5.33
5597.1201171875,5.33
5620.85009765625,5.33
5570.64013671875,5.33
5634.60986328125,5.33
5616.83984375,5.33
5625.7998046875,5.33
5592.18017578125,5.33
5591.9599609375,5.33
5648.39990234375,5.33
5528.93017578125,5.13
5520.06982421875,5.13
5503.41015625,5.13
5408.419921875,5.13
5471.0498046875,5.13
5495.52001953125,5.13
5554.1298828125,5.13
5595.759765625,5.13
5626.02001953125,5.13
5633.08984375,5.13
5634.580078125,5.13
5618.259765625,5.13
5713.64013671875,5.13
5702.5498046875,5.13
5718.56982421875,5.13
5732.93017578125,5.13
5722.259765625,5.13
5745.3701171875,5.13
5738.169921875,5.13
5762.47998046875,5.13
5708.75,4.83
5709.5400390625,4.83
5699.93994140625,4.83
5751.06982421875,4.83
5695.93994140625,4.83
5751.1298828125,4.83
5792.0400390625,4.83
5780.0498046875,4.83
5815.02978515625,4.83
5859.85009765625,4.83
5815.259765625,4.83
5842.47021484375,4.83
5841.47021484375,4.83
5864.669921875,4.83
5853.97998046875,4.83
5851.2001953125,4.83
5797.419921875,4.83
5809.85986328125,4.83
5808.1201171875,4.83
5823.52001953125,4.83
5832.919921875,4.83
5813.669921875,4.83
5705.4501953125,4.83
5728.7998046875,4.64
5712.68994140625,4.64
5782.759765625,4.64
5929.0400390625,4.64
5973.10009765625,4.64
5995.5400390625,4.64
6001.35009765625,4.64
5983.990234375,4.64
5985.3798828125,4.64
5949.169921875,4.64
5870.6201171875,4.64
5893.6201171875,4.64
5916.97998046875,4.64
5917.10986328125,4.64
5948.7099609375,4.64
5969.33984375,4.64
5987.3701171875,4.64
6021.6298828125,4.64
5998.740234375,4.64
6032.3798828125,4.64
6047.14990234375,4.48
6049.8798828125,4.48
6086.490234375,4.48
6075.10986328125,4.48
6090.27001953125,4.48
6052.85009765625,4.48
6034.91015625,4.48
6084.18994140625,4.48
6051.25,4.48
6051.08984375,4.48
6074.080078125,4.48
6050.60986328125,4.48
5872.16015625,4.48
5867.080078125,4.48
5930.85009765625,4.48
5974.06982421875,4.48
6040.0400390625,4.48
6037.58984375,4.48
5970.83984375,4.48
5906.93994140625,4.48
5881.6298828125,4.48
5868.5498046875,4.33
5942.47021484375,4.33
5975.3798828125,4.33
5909.02978515625,4.33
5918.25,4.33
5827.0400390625,4.33
5836.22021484375,4.33
5842.91015625,4.33
5949.91015625,4.33
5937.33984375,4.33
5996.66015625,4.33
6049.240234375,4.33
6086.3701171875,4.33
6118.7099609375,4.33
6101.240234375,4.33
6012.27978515625,4.33
6067.7001953125,4.33
6039.31005859375,4.33
6071.169921875,4.33
6040.52978515625,4.33
5994.56982421875,4.33
6037.8798828125,4.33
6061.47998046875,4.33
6083.56982421875,4.33
6025.990234375,4.33
6066.43994140625,4.33
6068.5,4.33
6051.97021484375,4.33
6115.06982421875,4.33
6114.6298828125,4.33
6129.580078125,4.33
6144.14990234375,4.33
6117.52001953125,4.33
6013.1298828125,4.33
5983.25,4.33
5955.25,4.33
5956.06005859375,4.33
5861.56982421875,4.33
5954.5,4.33
5849.72021484375,4.33
5778.14990234375,4.33
5842.6298828125,4.33
5738.52001953125,4.33
5770.2001953125,4.33
5614.56005859375,4.33
5572.06982421875,4.33
5599.2998046875,4.33
5521.52001953125,4.33
5638.93994140625,4.33
5675.1201171875,4.33
5614.66015625,4.33
5675.2900390625,4.33
5662.89013671875,4.33
5667.56005859375,4.33
5767.56982421875,4.33
5776.64990234375,4.33
5712.2001953125,4.33
5693.31005859375,4.33
5580.93994140625,4.33
5611.85009765625,4.33
5633.06982421875,4.33
5670.97021484375,4.33
5396.52001953125,4.33
5074.080078125,4.33
5062.25,4.33
4982.77001953125,4.33
5456.89990234375,4.33
5268.0498046875,4.33
5363.35986328125,4.33
5405.97021484375,4.33
5396.6298828125,4.33
5275.7001953125,4.33
5282.7001953125,4.33
5158.2001953125,4.33
5287.759765625,4.33
5375.85986328125,4.33
5484.77001953125,4.33
5525.2099609375,4.33
5528.75,4.33
5560.830078125,4.33
5569.06005859375,4.33
5604.14013671875,4.33
5686.669921875,4.33
5650.3798828125,4.33
5606.91015625,4.33
5631.27978515625,4.33
5663.93994140625,4.33
5659.91015625,4.33
5844.18994140625,4.33
5886.5498046875,4.33
5892.580078125,4.33
5916.93017578125,4.33
5958.3798828125,4.33
5963.60009765625,4.33
5940.4599609375,4.33
5844.60986328125,4.33
5842.009765625,4.33
5802.81982421875,4.33
5921.5400390625,4.33
5888.5498046875,4.33
5912.169921875,4.33
5911.68994140625,4.33
5935.93994140625,4.33
5970.3701171875,4.33
5970.81005859375,4.33
5939.2998046875,4.33
6000.35986328125,4.33
6005.8798828125,4.33
6038.81005859375,4.33
6022.240234375,4.33
6045.259765625,4.33
5976.97021484375,4.33
6033.10986328125,4.33
5982.72021484375,4.33
5980.8701171875,4.33
5967.83984375,4.33
6025.169921875,4.33
6092.18017578125,4.33
6092.16015625,4.33
6141.02001953125,4.33
6173.06982421875,4.33
6204.9501953125,4.33
6198.009765625,4.33
6227.419921875,4.33
6279.35009765625,4.33
6229.97998046875,4.33
6225.52001953125,4.33
6263.259765625,4.33
6280.4599609375,4.33
6259.75,4.33
6268.56005859375,4.33
6243.759765625,4.33
6263.7001953125,4.33
6297.35986328125,4.33
6296.7900390625,4.33
6305.60009765625,4.33
6309.6201171875,4.33
6358.91015625,4.33
6363.35009765625,4.33
6388.64013671875,4.33
6389.77001953125,4.33
6370.85986328125,4.33
6362.89990234375,4.33
6339.39013671875,4.33
6238.009765625,4.33
6329.93994140625,4.33
6299.18994140625,4.33
6345.06005859375,4.33
6340.0,4.33
6389.4501953125,4.33
6373.4501953125,4.33
6445.759765625,4.33
6466.580078125,4.33
6468.5400390625,4.33
6449.7998046875,4.33
6449.14990234375,4.33
6411.3701171875,4.33
6395.77978515625,4.33
6370.169921875,4.33
6466.91015625,4.33
6439.31982421875,4.33
6465.93994140625,4.33
6481.39990234375,4.33
6501.85986328125,4.33
6460.259765625,4.33
6415.5400390625,4.22
6448.259765625,4.22
6502.080078125,4.22
6481.5,4.22
6495.14990234375,4.22
6512.60986328125,4.22
6532.0400390625,4.22
6587.47021484375,4.22
6584.2900390625,4.22
6615.27978515625,4.22
6606.759765625,4.22
6600.35009765625,4.22
6631.9599609375,4.22
6664.35986328125,4.22
6693.75,4.22
6656.919921875,4.22
6637.97021484375,4.22
6604.72021484375,4.22
6643.7001953125,4.22
6661.2099609375,4.22
6688.4599609375,4.22
6711.2001953125,4.09
6715.35009765625,4.09
6715.7900390625,4.09
6740.27978515625,4.09
6714.58984375,4.09
6753.72021484375,4.09
6735.10986328125,4.09
6552.509765625,4.09
6654.72021484375,4.09
6644.31005859375,4.09
6671.06005859375,4.09
6629.06982421875,4.09
6664.009765625,4.09
6735.1298828125,4.09
6735.35009765625,4.09
6699.39990234375,4.09
6738.43994140625,4.09
6791.68994140625,4.09
6875.16015625,4.09
6890.89013671875,4.09
6890.58984375,4.09
6822.33984375,4.09
6840.2001953125,4.09
6851.97021484375,3.88
6771.5498046875,3.88
6796.2900390625,3.88
6720.31982421875,3.88
6728.7998046875,3.88
6832.43017578125,3.88
6846.60986328125,3.88
6850.919921875,3.88
6737.490234375,3.88
6734.10986328125,3.88
6672.41015625,3.88
6617.31982421875,3.88
6642.16015625,3.88
6538.759765625,3.88
6602.990234375,3.88
6705.1201171875,3.88
6765.8798828125,3.88
6812.60986328125,3.88
6849.08984375,3.88
6812.6298828125,3.72
6829.3701171875,3.72
6849.72021484375,3.72
6857.1201171875,3.72
6870.39990234375,3.72
6846.509765625,3.72
6840.509765625,3.72
6886.68017578125,3.72
6901.0,3.72
6827.41015625,3.72
6816.509765625,3.72
6800.259765625,3.72
6721.43017578125,3.72
6774.759765625,3.72
6834.5,3.72
6878.490234375,3.72
6909.7900390625,3.72
6932.0498046875,3.72
6929.93994140625,3.72
6905.740234375,3.72
6896.240234375,3.72
6845.5,3.72
6858.47021484375,3.64
6902.0498046875,3.64
6944.81982421875,3.64
6920.93017578125,3.64
6921.4599609375,3.64
6966.27978515625,3.64
6977.27001953125,3.64
6963.740234375,3.64
6926.60009765625,3.64
6944.47021484375,3.64
6940.009765625,3.64
6796.85986328125,3.64
6875.6201171875,3.64
6913.35009765625,3.64
6915.60986328125,3.64
6950.22998046875,3.64
6978.60009765625,3.64
6978.02978515625,3.64
6969.009765625,3.64
6939.02978515625,3.64
6976.43994140625,3.64
6917.81005859375,3.64
6882.72021484375,3.64
6798.39990234375,3.64
6932.2998046875,3.64
6964.81982421875,3.64
6941.81005859375,3.64
6941.47021484375,3.64
6832.759765625,3.64
6836.169921875,3.64
6843.22021484375,3.64
6881.31005859375,3.64
6861.89013671875,3.64
6909.509765625,3.64
6837.75,3.64
6890.06982421875,3.64
6946.1298828125,3.64
6908.85986328125,3.64
6878.8798828125,3.64
6881.6201171875,3.64
6816.6298828125,3.64
6869.5,3.64
6830.7099609375,3.64
6740.02001953125,3.64
6795.990234375,3.64
6781.47998046875,3.64
6775.7998046875,3.64
6672.6201171875,3.64
6632.18994140625,3.64
6699.3798828125,3.64
6716.08984375,3.64
6624.7001953125,3.64
6606.490234375,3.64
6506.47998046875,3.64
6581.0,3.64
6556.3701171875,3.64
6591.89990234375,3.64
6477.16015625,3.64
6375.06005859375,3.64
